"year","region","quantity"
"1574","Bahia, porto não especificado","0"
"1574","Pernambuco, porto não especificado","48"
"1574","Rio de Janeiro","0"
"1574","Brasil, região não especificada","0"
"1575","Bahia, porto não especificado","0"
"1575","Pernambuco, porto não especificado","284"
"1575","Rio de Janeiro","0"
"1575","Brasil, região não especificada","0"
"1576","Bahia, porto não especificado","0"
"1576","Pernambuco, porto não especificado","83"
"1576","Rio de Janeiro","0"
"1576","Brasil, região não especificada","0"
"1582","Bahia, porto não especificado","166"
"1582","Pernambuco, porto não especificado","0"
"1582","Rio de Janeiro","0"
"1582","Brasil, região não especificada","0"
"1597","Bahia, porto não especificado","0"
"1597","Pernambuco, porto não especificado","0"
"1597","Rio de Janeiro","287"
"1597","Brasil, região não especificada","287"
"1603","Bahia, porto não especificado","0"
"1603","Ilha de Itamaricá","0"
"1603","Pernambuco, porto não especificado","0"
"1603","Rio de Janeiro","38"
"1603","Brasil, região não especificada","0"
"1604","Bahia, porto não especificado","0"
"1604","Ilha de Itamaricá","0"
"1604","Pernambuco, porto não especificado","287"
"1604","Rio de Janeiro","0"
"1604","Brasil, região não especificada","0"
"1607","Bahia, porto não especificado","27"
"1607","Ilha de Itamaricá","0"
"1607","Pernambuco, porto não especificado","0"
"1607","Rio de Janeiro","310"
"1607","Brasil, região não especificada","0"
"1610","Bahia, porto não especificado","209"
"1610","Ilha de Itamaricá","0"
"1610","Pernambuco, porto não especificado","0"
"1610","Rio de Janeiro","0"
"1610","Brasil, região não especificada","0"
"1611","Bahia, porto não especificado","105"
"1611","Ilha de Itamaricá","0"
"1611","Pernambuco, porto não especificado","0"
"1611","Rio de Janeiro","0"
"1611","Brasil, região não especificada","0"
"1624","Bahia, porto não especificado","436"
"1624","Ilha de Itamaricá","0"
"1624","Pernambuco, porto não especificado","0"
"1624","Rio de Janeiro","0"
"1624","Brasil, região não especificada","0"
"1626","Bahia, porto não especificado","148"
"1626","Ilha de Itamaricá","0"
"1626","Pernambuco, porto não especificado","0"
"1626","Rio de Janeiro","0"
"1626","Brasil, região não especificada","0"
"1627","Bahia, porto não especificado","605"
"1627","Ilha de Itamaricá","0"
"1627","Pernambuco, porto não especificado","521"
"1627","Rio de Janeiro","0"
"1627","Brasil, região não especificada","245"
"1630","Bahia, porto não especificado","0"
"1630","Ilha de Itamaricá","0"
"1630","Pernambuco, porto não especificado","734"
"1630","Rio de Janeiro","0"
"1630","Brasil, região não especificada","0"
"1633","Bahia, porto não especificado","0"
"1633","Ilha de Itamaricá","0"
"1633","Pernambuco, porto não especificado","300"
"1633","Rio de Janeiro","0"
"1633","Brasil, região não especificada","0"
"1636","Bahia, porto não especificado","0"
"1636","Ilha de Itamaricá","239"
"1636","Pernambuco, porto não especificado","620"
"1636","Rio de Janeiro","0"
"1636","Brasil, região não especificada","0"
"1637","Bahia, porto não especificado","0"
"1637","Ilha de Itamaricá","0"
"1637","Pernambuco, porto não especificado","1229"
"1637","Rio de Janeiro","0"
"1637","Brasil, região não especificada","0"
"1638","Bahia, porto não especificado","0"
"1638","Ilha de Itamaricá","0"
"1638","Pernambuco, porto não especificado","1518"
"1638","Rio de Janeiro","0"
"1638","Brasil, região não especificada","0"
"1639","Bahia, porto não especificado","0"
"1639","Ilha de Itamaricá","0"
"1639","Pernambuco, porto não especificado","1671"
"1639","Rio de Janeiro","0"
"1639","Brasil, região não especificada","0"
"1640","Bahia, porto não especificado","0"
"1640","Ilha de Itamaricá","0"
"1640","Pernambuco, porto não especificado","1289"
"1640","Rio de Janeiro","0"
"1640","Brasil, região não especificada","0"
"1641","Bahia, porto não especificado","260"
"1641","Ilha de Itamaricá","0"
"1641","Pernambuco, porto não especificado","1611"
"1641","Rio de Janeiro","0"
"1641","Brasil, região não especificada","130"
"1642","Bahia, porto não especificado","0"
"1642","Ilha de Itamaricá","0"
"1642","Pernambuco, porto não especificado","2400"
"1642","Rio de Janeiro","0"
"1642","Brasil, região não especificada","0"
"1643","Bahia, porto não especificado","0"
"1643","Ilha de Itamaricá","0"
"1643","Pernambuco, porto não especificado","5012"
"1643","Rio de Janeiro","0"
"1643","Brasil, região não especificada","0"
"1644","Bahia, porto não especificado","368"
"1644","Ilha de Itamaricá","0"
"1644","Pernambuco, porto não especificado","4932"
"1644","Rio de Janeiro","0"
"1644","Brasil, região não especificada","158"
"1645","Bahia, porto não especificado","0"
"1645","Ilha de Itamaricá","0"
"1645","Pernambuco, porto não especificado","3579"
"1645","Rio de Janeiro","0"
"1645","Brasil, região não especificada","471"
"1646","Bahia, porto não especificado","1907"
"1646","Ilha de Itamaricá","0"
"1646","Pernambuco, porto não especificado","765"
"1646","Rio de Janeiro","0"
"1646","Brasil, região não especificada","0"
"1647","Bahia, porto não especificado","0"
"1647","Ilha de Itamaricá","0"
"1647","Pernambuco, porto não especificado","6"
"1647","Rio de Janeiro","0"
"1647","Brasil, região não especificada","260"
"1649","Bahia, porto não especificado","158"
"1649","Ilha de Itamaricá","0"
"1649","Pernambuco, porto não especificado","580"
"1649","Rio de Janeiro","0"
"1649","Brasil, região não especificada","0"
"1650","Bahia, porto não especificado","1401"
"1650","Ilha de Itamaricá","0"
"1650","Pernambuco, porto não especificado","291"
"1650","Rio de Janeiro","0"
"1650","Brasil, região não especificada","0"
"1651","Maranhão","0"
"1651","Pará","0"
"1651","Bahia, porto não especificado","209"
"1651","Paraíba","0"
"1651","Pernambuco, porto não especificado","1049"
"1651","Ilha Grande","0"
"1651","Rio de Janeiro","0"
"1651","Brasil, região não especificada","0"
"1652","Maranhão","0"
"1652","Pará","0"
"1652","Bahia, porto não especificado","565"
"1652","Paraíba","0"
"1652","Pernambuco, porto não especificado","191"
"1652","Ilha Grande","0"
"1652","Rio de Janeiro","0"
"1652","Brasil, região não especificada","0"
"1653","Maranhão","0"
"1653","Pará","0"
"1653","Bahia, porto não especificado","356"
"1653","Paraíba","0"
"1653","Pernambuco, porto não especificado","0"
"1653","Ilha Grande","0"
"1653","Rio de Janeiro","0"
"1653","Brasil, região não especificada","0"
"1661","Maranhão","0"
"1661","Pará","0"
"1661","Bahia, porto não especificado","356"
"1661","Paraíba","0"
"1661","Pernambuco, porto não especificado","0"
"1661","Ilha Grande","0"
"1661","Rio de Janeiro","0"
"1661","Brasil, região não especificada","0"
"1664","Maranhão","0"
"1664","Pará","0"
"1664","Bahia, porto não especificado","628"
"1664","Paraíba","0"
"1664","Pernambuco, porto não especificado","0"
"1664","Ilha Grande","0"
"1664","Rio de Janeiro","331"
"1664","Brasil, região não especificada","0"
"1665","Maranhão","0"
"1665","Pará","0"
"1665","Bahia, porto não especificado","356"
"1665","Paraíba","0"
"1665","Pernambuco, porto não especificado","0"
"1665","Ilha Grande","0"
"1665","Rio de Janeiro","0"
"1665","Brasil, região não especificada","0"
"1667","Maranhão","0"
"1667","Pará","0"
"1667","Bahia, porto não especificado","209"
"1667","Paraíba","0"
"1667","Pernambuco, porto não especificado","0"
"1667","Ilha Grande","0"
"1667","Rio de Janeiro","0"
"1667","Brasil, região não especificada","0"
"1671","Maranhão","0"
"1671","Pará","0"
"1671","Bahia, porto não especificado","1257"
"1671","Paraíba","0"
"1671","Pernambuco, porto não especificado","0"
"1671","Ilha Grande","0"
"1671","Rio de Janeiro","0"
"1671","Brasil, região não especificada","129"
"1672","Maranhão","0"
"1672","Pará","0"
"1672","Bahia, porto não especificado","209"
"1672","Paraíba","0"
"1672","Pernambuco, porto não especificado","0"
"1672","Ilha Grande","0"
"1672","Rio de Janeiro","0"
"1672","Brasil, região não especificada","0"
"1673","Maranhão","1114"
"1673","Pará","0"
"1673","Bahia, porto não especificado","0"
"1673","Paraíba","0"
"1673","Pernambuco, porto não especificado","0"
"1673","Ilha Grande","0"
"1673","Rio de Janeiro","0"
"1673","Brasil, região não especificada","0"
"1676","Maranhão","0"
"1676","Pará","0"
"1676","Bahia, porto não especificado","616"
"1676","Paraíba","0"
"1676","Pernambuco, porto não especificado","0"
"1676","Ilha Grande","0"
"1676","Rio de Janeiro","0"
"1676","Brasil, região não especificada","0"
"1677","Maranhão","0"
"1677","Pará","0"
"1677","Bahia, porto não especificado","418"
"1677","Paraíba","0"
"1677","Pernambuco, porto não especificado","0"
"1677","Ilha Grande","0"
"1677","Rio de Janeiro","0"
"1677","Brasil, região não especificada","0"
"1678","Maranhão","0"
"1678","Pará","0"
"1678","Bahia, porto não especificado","1068"
"1678","Paraíba","0"
"1678","Pernambuco, porto não especificado","0"
"1678","Ilha Grande","0"
"1678","Rio de Janeiro","0"
"1678","Brasil, região não especificada","0"
"1679","Maranhão","0"
"1679","Pará","0"
"1679","Bahia, porto não especificado","549"
"1679","Paraíba","0"
"1679","Pernambuco, porto não especificado","0"
"1679","Ilha Grande","0"
"1679","Rio de Janeiro","0"
"1679","Brasil, região não especificada","0"
"1680","Maranhão","0"
"1680","Pará","600"
"1680","Bahia, porto não especificado","1507"
"1680","Paraíba","0"
"1680","Pernambuco, porto não especificado","0"
"1680","Ilha Grande","0"
"1680","Rio de Janeiro","0"
"1680","Brasil, região não especificada","0"
"1681","Maranhão","0"
"1681","Pará","0"
"1681","Bahia, porto não especificado","345"
"1681","Paraíba","0"
"1681","Pernambuco, porto não especificado","105"
"1681","Ilha Grande","0"
"1681","Rio de Janeiro","0"
"1681","Brasil, região não especificada","0"
"1682","Maranhão","0"
"1682","Pará","0"
"1682","Bahia, porto não especificado","319"
"1682","Paraíba","0"
"1682","Pernambuco, porto não especificado","0"
"1682","Ilha Grande","0"
"1682","Rio de Janeiro","0"
"1682","Brasil, região não especificada","0"
"1683","Maranhão","0"
"1683","Pará","0"
"1683","Bahia, porto não especificado","105"
"1683","Paraíba","0"
"1683","Pernambuco, porto não especificado","0"
"1683","Ilha Grande","0"
"1683","Rio de Janeiro","0"
"1683","Brasil, região não especificada","0"
"1684","Maranhão","200"
"1684","Pará","0"
"1684","Bahia, porto não especificado","1467"
"1684","Paraíba","0"
"1684","Pernambuco, porto não especificado","0"
"1684","Ilha Grande","0"
"1684","Rio de Janeiro","0"
"1684","Brasil, região não especificada","0"
"1685","Maranhão","0"
"1685","Pará","0"
"1685","Bahia, porto não especificado","1842"
"1685","Paraíba","0"
"1685","Pernambuco, porto não especificado","0"
"1685","Ilha Grande","0"
"1685","Rio de Janeiro","0"
"1685","Brasil, região não especificada","0"
"1686","Maranhão","0"
"1686","Pará","0"
"1686","Bahia, porto não especificado","684"
"1686","Paraíba","0"
"1686","Pernambuco, porto não especificado","0"
"1686","Ilha Grande","0"
"1686","Rio de Janeiro","439"
"1686","Brasil, região não especificada","0"
"1687","Maranhão","0"
"1687","Pará","0"
"1687","Bahia, porto não especificado","1130"
"1687","Paraíba","0"
"1687","Pernambuco, porto não especificado","0"
"1687","Ilha Grande","0"
"1687","Rio de Janeiro","0"
"1687","Brasil, região não especificada","0"
"1688","Maranhão","0"
"1688","Pará","0"
"1688","Bahia, porto não especificado","1389"
"1688","Paraíba","0"
"1688","Pernambuco, porto não especificado","0"
"1688","Ilha Grande","0"
"1688","Rio de Janeiro","0"
"1688","Brasil, região não especificada","0"
"1689","Maranhão","0"
"1689","Pará","0"
"1689","Bahia, porto não especificado","1640"
"1689","Paraíba","0"
"1689","Pernambuco, porto não especificado","0"
"1689","Ilha Grande","0"
"1689","Rio de Janeiro","0"
"1689","Brasil, região não especificada","0"
"1690","Maranhão","0"
"1690","Pará","0"
"1690","Bahia, porto não especificado","2975"
"1690","Paraíba","0"
"1690","Pernambuco, porto não especificado","0"
"1690","Ilha Grande","0"
"1690","Rio de Janeiro","0"
"1690","Brasil, região não especificada","0"
"1691","Maranhão","0"
"1691","Pará","0"
"1691","Bahia, porto não especificado","3499"
"1691","Paraíba","0"
"1691","Pernambuco, porto não especificado","0"
"1691","Ilha Grande","0"
"1691","Rio de Janeiro","0"
"1691","Brasil, região não especificada","0"
"1692","Maranhão","145"
"1692","Pará","0"
"1692","Bahia, porto não especificado","3307"
"1692","Paraíba","0"
"1692","Pernambuco, porto não especificado","0"
"1692","Ilha Grande","0"
"1692","Rio de Janeiro","0"
"1692","Brasil, região não especificada","0"
"1693","Maranhão","290"
"1693","Pará","0"
"1693","Bahia, porto não especificado","1444"
"1693","Paraíba","0"
"1693","Pernambuco, porto não especificado","0"
"1693","Ilha Grande","0"
"1693","Rio de Janeiro","0"
"1693","Brasil, região não especificada","0"
"1694","Maranhão","0"
"1694","Pará","0"
"1694","Bahia, porto não especificado","1571"
"1694","Paraíba","515"
"1694","Pernambuco, porto não especificado","0"
"1694","Ilha Grande","0"
"1694","Rio de Janeiro","0"
"1694","Brasil, região não especificada","0"
"1695","Maranhão","102"
"1695","Pará","0"
"1695","Bahia, porto não especificado","3336"
"1695","Paraíba","0"
"1695","Pernambuco, porto não especificado","0"
"1695","Ilha Grande","418"
"1695","Rio de Janeiro","0"
"1695","Brasil, região não especificada","0"
"1696","Maranhão","158"
"1696","Pará","0"
"1696","Bahia, porto não especificado","4191"
"1696","Paraíba","0"
"1696","Pernambuco, porto não especificado","0"
"1696","Ilha Grande","0"
"1696","Rio de Janeiro","0"
"1696","Brasil, região não especificada","0"
"1697","Maranhão","0"
"1697","Pará","0"
"1697","Bahia, porto não especificado","5808"
"1697","Paraíba","0"
"1697","Pernambuco, porto não especificado","692"
"1697","Ilha Grande","0"
"1697","Rio de Janeiro","0"
"1697","Brasil, região não especificada","0"
"1698","Maranhão","218"
"1698","Pará","0"
"1698","Bahia, porto não especificado","8433"
"1698","Paraíba","209"
"1698","Pernambuco, porto não especificado","3103"
"1698","Ilha Grande","0"
"1698","Rio de Janeiro","0"
"1698","Brasil, região não especificada","0"
"1699","Maranhão","0"
"1699","Pará","0"
"1699","Bahia, porto não especificado","5522"
"1699","Paraíba","0"
"1699","Pernambuco, porto não especificado","1682"
"1699","Ilha Grande","0"
"1699","Rio de Janeiro","1435"
"1699","Brasil, região não especificada","0"
"1700","Maranhão","0"
"1700","Pará","0"
"1700","Bahia, porto não especificado","6875"
"1700","Paraíba","0"
"1700","Pernambuco, porto não especificado","523"
"1700","Ilha Grande","0"
"1700","Rio de Janeiro","957"
"1700","Brasil, região não especificada","0"
"1701","Maranhão","115"
"1701","Bahia, porto não especificado","5056"
"1701","Paraíba","0"
"1701","Pernambuco, porto não especificado","210"
"1701","Ilha Grande","0"
"1701","Rio de Janeiro","1894"
"1701","Província do Rio de Janeiro","0"
"1701","Santos","0"
"1701","Brasil, região não especificada","0"
"1702","Maranhão","110"
"1702","Bahia, porto não especificado","5020"
"1702","Paraíba","0"
"1702","Pernambuco, porto não especificado","0"
"1702","Ilha Grande","0"
"1702","Rio de Janeiro","0"
"1702","Província do Rio de Janeiro","0"
"1702","Santos","0"
"1702","Brasil, região não especificada","105"
"1703","Maranhão","170"
"1703","Bahia, porto não especificado","5025"
"1703","Paraíba","0"
"1703","Pernambuco, porto não especificado","0"
"1703","Ilha Grande","0"
"1703","Rio de Janeiro","0"
"1703","Província do Rio de Janeiro","0"
"1703","Santos","0"
"1703","Brasil, região não especificada","0"
"1704","Maranhão","0"
"1704","Bahia, porto não especificado","4348"
"1704","Paraíba","0"
"1704","Pernambuco, porto não especificado","0"
"1704","Ilha Grande","0"
"1704","Rio de Janeiro","456"
"1704","Província do Rio de Janeiro","0"
"1704","Santos","0"
"1704","Brasil, região não especificada","0"
"1705","Maranhão","0"
"1705","Bahia, porto não especificado","3785"
"1705","Paraíba","0"
"1705","Pernambuco, porto não especificado","0"
"1705","Ilha Grande","0"
"1705","Rio de Janeiro","0"
"1705","Província do Rio de Janeiro","0"
"1705","Santos","0"
"1705","Brasil, região não especificada","0"
"1706","Maranhão","0"
"1706","Bahia, porto não especificado","4280"
"1706","Paraíba","0"
"1706","Pernambuco, porto não especificado","0"
"1706","Ilha Grande","0"
"1706","Rio de Janeiro","0"
"1706","Província do Rio de Janeiro","0"
"1706","Santos","0"
"1706","Brasil, região não especificada","0"
"1707","Maranhão","0"
"1707","Bahia, porto não especificado","6973"
"1707","Paraíba","0"
"1707","Pernambuco, porto não especificado","0"
"1707","Ilha Grande","0"
"1707","Rio de Janeiro","0"
"1707","Província do Rio de Janeiro","0"
"1707","Santos","0"
"1707","Brasil, região não especificada","0"
"1708","Maranhão","87"
"1708","Bahia, porto não especificado","4456"
"1708","Paraíba","0"
"1708","Pernambuco, porto não especificado","0"
"1708","Ilha Grande","0"
"1708","Rio de Janeiro","0"
"1708","Província do Rio de Janeiro","0"
"1708","Santos","0"
"1708","Brasil, região não especificada","0"
"1709","Maranhão","0"
"1709","Bahia, porto não especificado","4727"
"1709","Paraíba","0"
"1709","Pernambuco, porto não especificado","357"
"1709","Ilha Grande","0"
"1709","Rio de Janeiro","0"
"1709","Província do Rio de Janeiro","0"
"1709","Santos","0"
"1709","Brasil, região não especificada","0"
"1710","Maranhão","0"
"1710","Bahia, porto não especificado","4624"
"1710","Paraíba","0"
"1710","Pernambuco, porto não especificado","0"
"1710","Ilha Grande","0"
"1710","Rio de Janeiro","0"
"1710","Província do Rio de Janeiro","0"
"1710","Santos","0"
"1710","Brasil, região não especificada","0"
"1711","Maranhão","0"
"1711","Bahia, porto não especificado","5798"
"1711","Paraíba","0"
"1711","Pernambuco, porto não especificado","0"
"1711","Ilha Grande","0"
"1711","Rio de Janeiro","0"
"1711","Província do Rio de Janeiro","0"
"1711","Santos","0"
"1711","Brasil, região não especificada","403"
"1712","Maranhão","0"
"1712","Bahia, porto não especificado","8374"
"1712","Paraíba","0"
"1712","Pernambuco, porto não especificado","0"
"1712","Ilha Grande","0"
"1712","Rio de Janeiro","839"
"1712","Província do Rio de Janeiro","0"
"1712","Santos","0"
"1712","Brasil, região não especificada","0"
"1713","Maranhão","0"
"1713","Bahia, porto não especificado","8649"
"1713","Paraíba","0"
"1713","Pernambuco, porto não especificado","0"
"1713","Ilha Grande","0"
"1713","Rio de Janeiro","1053"
"1713","Província do Rio de Janeiro","0"
"1713","Santos","0"
"1713","Brasil, região não especificada","0"
"1714","Maranhão","356"
"1714","Bahia, porto não especificado","6834"
"1714","Paraíba","0"
"1714","Pernambuco, porto não especificado","0"
"1714","Ilha Grande","0"
"1714","Rio de Janeiro","702"
"1714","Província do Rio de Janeiro","0"
"1714","Santos","0"
"1714","Brasil, região não especificada","0"
"1715","Maranhão","85"
"1715","Bahia, porto não especificado","6043"
"1715","Paraíba","0"
"1715","Pernambuco, porto não especificado","714"
"1715","Ilha Grande","0"
"1715","Rio de Janeiro","541"
"1715","Província do Rio de Janeiro","0"
"1715","Santos","0"
"1715","Brasil, região não especificada","0"
"1716","Maranhão","0"
"1716","Bahia, porto não especificado","7859"
"1716","Paraíba","0"
"1716","Pernambuco, porto não especificado","357"
"1716","Ilha Grande","0"
"1716","Rio de Janeiro","1674"
"1716","Província do Rio de Janeiro","380"
"1716","Santos","0"
"1716","Brasil, região não especificada","0"
"1717","Maranhão","0"
"1717","Bahia, porto não especificado","7102"
"1717","Paraíba","0"
"1717","Pernambuco, porto não especificado","0"
"1717","Ilha Grande","0"
"1717","Rio de Janeiro","403"
"1717","Província do Rio de Janeiro","0"
"1717","Santos","0"
"1717","Brasil, região não especificada","0"
"1718","Maranhão","0"
"1718","Bahia, porto não especificado","7563"
"1718","Paraíba","357"
"1718","Pernambuco, porto não especificado","423"
"1718","Ilha Grande","0"
"1718","Rio de Janeiro","1033"
"1718","Província do Rio de Janeiro","0"
"1718","Santos","105"
"1718","Brasil, região não especificada","0"
"1719","Maranhão","0"
"1719","Bahia, porto não especificado","5925"
"1719","Paraíba","0"
"1719","Pernambuco, porto não especificado","1355"
"1719","Ilha Grande","0"
"1719","Rio de Janeiro","1058"
"1719","Província do Rio de Janeiro","0"
"1719","Santos","116"
"1719","Brasil, região não especificada","0"
"1720","Maranhão","0"
"1720","Bahia, porto não especificado","6202"
"1720","Paraíba","427"
"1720","Pernambuco, porto não especificado","2717"
"1720","Ilha Grande","0"
"1720","Rio de Janeiro","351"
"1720","Província do Rio de Janeiro","0"
"1720","Santos","0"
"1720","Brasil, região não especificada","893"
"1721","Maranhão","0"
"1721","Bahia, porto não especificado","5522"
"1721","Paraíba","0"
"1721","Pernambuco, porto não especificado","2496"
"1721","Ilha Grande","0"
"1721","Rio de Janeiro","1505"
"1721","Província do Rio de Janeiro","0"
"1721","Santos","0"
"1721","Brasil, região não especificada","0"
"1722","Maranhão","0"
"1722","Bahia, porto não especificado","4914"
"1722","Paraíba","0"
"1722","Pernambuco, porto não especificado","3482"
"1722","Ilha Grande","0"
"1722","Rio de Janeiro","1068"
"1722","Província do Rio de Janeiro","0"
"1722","Santos","0"
"1722","Brasil, região não especificada","86"
"1723","Maranhão","0"
"1723","Bahia, porto não especificado","7244"
"1723","Paraíba","0"
"1723","Pernambuco, porto não especificado","1840"
"1723","Ilha Grande","118"
"1723","Rio de Janeiro","2864"
"1723","Província do Rio de Janeiro","0"
"1723","Santos","0"
"1723","Brasil, região não especificada","1210"
"1724","Maranhão","0"
"1724","Bahia, porto não especificado","14456"
"1724","Paraíba","0"
"1724","Pernambuco, porto não especificado","4893"
"1724","Ilha Grande","0"
"1724","Rio de Janeiro","4500"
"1724","Província do Rio de Janeiro","0"
"1724","Santos","0"
"1724","Brasil, região não especificada","260"
"1725","Maranhão","0"
"1725","Bahia, porto não especificado","6924"
"1725","Paraíba","259"
"1725","Pernambuco, porto não especificado","4203"
"1725","Ilha Grande","0"
"1725","Rio de Janeiro","6149"
"1725","Província do Rio de Janeiro","0"
"1725","Santos","0"
"1725","Brasil, região não especificada","539"
"1726","Maranhão","0"
"1726","Bahia, porto não especificado","9732"
"1726","Paraíba","0"
"1726","Pernambuco, porto não especificado","4582"
"1726","Ilha Grande","0"
"1726","Rio de Janeiro","4232"
"1726","Província do Rio de Janeiro","0"
"1726","Santos","0"
"1726","Brasil, região não especificada","272"
"1727","Maranhão","0"
"1727","Bahia, porto não especificado","8266"
"1727","Paraíba","404"
"1727","Pernambuco, porto não especificado","5859"
"1727","Ilha Grande","0"
"1727","Rio de Janeiro","4954"
"1727","Província do Rio de Janeiro","0"
"1727","Santos","0"
"1727","Brasil, região não especificada","313"
"1728","Maranhão","0"
"1728","Bahia, porto não especificado","11099"
"1728","Paraíba","357"
"1728","Pernambuco, porto não especificado","2739"
"1728","Ilha Grande","0"
"1728","Rio de Janeiro","4554"
"1728","Província do Rio de Janeiro","0"
"1728","Santos","0"
"1728","Brasil, região não especificada","0"
"1729","Maranhão","0"
"1729","Bahia, porto não especificado","10014"
"1729","Paraíba","714"
"1729","Pernambuco, porto não especificado","2856"
"1729","Ilha Grande","0"
"1729","Rio de Janeiro","1001"
"1729","Província do Rio de Janeiro","0"
"1729","Santos","0"
"1729","Brasil, região não especificada","0"
"1730","Maranhão","0"
"1730","Bahia, porto não especificado","5326"
"1730","Paraíba","0"
"1730","Pernambuco, porto não especificado","2960"
"1730","Ilha Grande","0"
"1730","Rio de Janeiro","1813"
"1730","Província do Rio de Janeiro","0"
"1730","Santos","0"
"1730","Brasil, região não especificada","0"
"1731","Maranhão","0"
"1731","Bahia, porto não especificado","11832"
"1731","Paraíba","0"
"1731","Pernambuco, porto não especificado","1347"
"1731","Ilha Grande","0"
"1731","Rio de Janeiro","2500"
"1731","Província do Rio de Janeiro","0"
"1731","Santos","0"
"1731","Brasil, região não especificada","0"
"1732","Maranhão","0"
"1732","Bahia, porto não especificado","6747"
"1732","Paraíba","0"
"1732","Pernambuco, porto não especificado","1428"
"1732","Ilha Grande","0"
"1732","Rio de Janeiro","0"
"1732","Província do Rio de Janeiro","0"
"1732","Santos","0"
"1732","Brasil, região não especificada","126"
"1733","Maranhão","0"
"1733","Bahia, porto não especificado","7755"
"1733","Paraíba","179"
"1733","Pernambuco, porto não especificado","2856"
"1733","Ilha Grande","0"
"1733","Rio de Janeiro","229"
"1733","Província do Rio de Janeiro","0"
"1733","Santos","0"
"1733","Brasil, região não especificada","0"
"1734","Maranhão","0"
"1734","Bahia, porto não especificado","9934"
"1734","Paraíba","460"
"1734","Pernambuco, porto não especificado","2898"
"1734","Ilha Grande","0"
"1734","Rio de Janeiro","5288"
"1734","Província do Rio de Janeiro","0"
"1734","Santos","0"
"1734","Brasil, região não especificada","0"
"1735","Maranhão","0"
"1735","Bahia, porto não especificado","7768"
"1735","Paraíba","179"
"1735","Pernambuco, porto não especificado","2856"
"1735","Ilha Grande","0"
"1735","Rio de Janeiro","0"
"1735","Província do Rio de Janeiro","0"
"1735","Santos","0"
"1735","Brasil, região não especificada","0"
"1736","Maranhão","0"
"1736","Bahia, porto não especificado","8415"
"1736","Paraíba","0"
"1736","Pernambuco, porto não especificado","2142"
"1736","Ilha Grande","0"
"1736","Rio de Janeiro","1439"
"1736","Província do Rio de Janeiro","0"
"1736","Santos","0"
"1736","Brasil, região não especificada","74"
"1737","Maranhão","0"
"1737","Bahia, porto não especificado","8442"
"1737","Paraíba","0"
"1737","Pernambuco, porto não especificado","1746"
"1737","Ilha Grande","0"
"1737","Rio de Janeiro","1157"
"1737","Província do Rio de Janeiro","0"
"1737","Santos","0"
"1737","Brasil, região não especificada","0"
"1738","Maranhão","0"
"1738","Bahia, porto não especificado","9750"
"1738","Paraíba","0"
"1738","Pernambuco, porto não especificado","974"
"1738","Ilha Grande","0"
"1738","Rio de Janeiro","5698"
"1738","Província do Rio de Janeiro","0"
"1738","Santos","0"
"1738","Brasil, região não especificada","1023"
"1739","Maranhão","0"
"1739","Bahia, porto não especificado","7221"
"1739","Paraíba","0"
"1739","Pernambuco, porto não especificado","986"
"1739","Ilha Grande","0"
"1739","Rio de Janeiro","675"
"1739","Província do Rio de Janeiro","0"
"1739","Santos","0"
"1739","Brasil, região não especificada","0"
"1740","Maranhão","69"
"1740","Bahia, porto não especificado","8982"
"1740","Paraíba","0"
"1740","Pernambuco, porto não especificado","2081"
"1740","Ilha Grande","0"
"1740","Rio de Janeiro","4774"
"1740","Província do Rio de Janeiro","0"
"1740","Santos","0"
"1740","Brasil, região não especificada","0"
"1741","Maranhão","7"
"1741","Bahia, porto não especificado","3524"
"1741","Paraíba","0"
"1741","Pernambuco, porto não especificado","1298"
"1741","Ilha Grande","0"
"1741","Rio de Janeiro","6062"
"1741","Província do Rio de Janeiro","0"
"1741","Santos","0"
"1741","Brasil, região não especificada","0"
"1742","Maranhão","0"
"1742","Bahia, porto não especificado","10081"
"1742","Paraíba","0"
"1742","Pernambuco, porto não especificado","2408"
"1742","Ilha Grande","0"
"1742","Rio de Janeiro","7881"
"1742","Província do Rio de Janeiro","0"
"1742","Santos","0"
"1742","Brasil, região não especificada","357"
"1743","Maranhão","92"
"1743","Bahia, porto não especificado","5622"
"1743","Paraíba","0"
"1743","Pernambuco, porto não especificado","1481"
"1743","Ilha Grande","0"
"1743","Rio de Janeiro","2686"
"1743","Província do Rio de Janeiro","0"
"1743","Santos","0"
"1743","Brasil, região não especificada","357"
"1744","Maranhão","0"
"1744","Bahia, porto não especificado","12095"
"1744","Paraíba","357"
"1744","Pernambuco, porto não especificado","3281"
"1744","Ilha Grande","0"
"1744","Rio de Janeiro","6591"
"1744","Província do Rio de Janeiro","0"
"1744","Santos","403"
"1744","Brasil, região não especificada","0"
"1745","Maranhão","0"
"1745","Bahia, porto não especificado","4022"
"1745","Paraíba","0"
"1745","Pernambuco, porto não especificado","2265"
"1745","Ilha Grande","0"
"1745","Rio de Janeiro","3606"
"1745","Província do Rio de Janeiro","0"
"1745","Santos","0"
"1745","Brasil, região não especificada","0"
"1746","Maranhão","0"
"1746","Bahia, porto não especificado","6305"
"1746","Paraíba","0"
"1746","Pernambuco, porto não especificado","2794"
"1746","Ilha Grande","0"
"1746","Rio de Janeiro","1626"
"1746","Província do Rio de Janeiro","0"
"1746","Santos","0"
"1746","Brasil, região não especificada","0"
"1747","Maranhão","0"
"1747","Bahia, porto não especificado","12087"
"1747","Paraíba","0"
"1747","Pernambuco, porto não especificado","2612"
"1747","Ilha Grande","0"
"1747","Rio de Janeiro","6326"
"1747","Província do Rio de Janeiro","0"
"1747","Santos","0"
"1747","Brasil, região não especificada","0"
"1748","Maranhão","0"
"1748","Bahia, porto não especificado","9176"
"1748","Paraíba","0"
"1748","Pernambuco, porto não especificado","4388"
"1748","Ilha Grande","0"
"1748","Rio de Janeiro","6299"
"1748","Província do Rio de Janeiro","0"
"1748","Santos","0"
"1748","Brasil, região não especificada","0"
"1749","Maranhão","0"
"1749","Bahia, porto não especificado","10347"
"1749","Paraíba","0"
"1749","Pernambuco, porto não especificado","2225"
"1749","Ilha Grande","0"
"1749","Rio de Janeiro","3590"
"1749","Província do Rio de Janeiro","0"
"1749","Santos","537"
"1749","Brasil, região não especificada","0"
"1750","Maranhão","0"
"1750","Bahia, porto não especificado","13495"
"1750","Paraíba","0"
"1750","Pernambuco, porto não especificado","3795"
"1750","Ilha Grande","0"
"1750","Rio de Janeiro","1459"
"1750","Província do Rio de Janeiro","0"
"1750","Santos","0"
"1750","Brasil, região não especificada","0"
"1751","Maranhão","0"
"1751","Pará","0"
"1751","Bahia, porto não especificado","7305"
"1751","Paraíba","0"
"1751","Rio Grande do Norte","0"
"1751","Pernambuco, porto não especificado","1763"
"1751","Rio de Janeiro","1166"
"1751","Santos","0"
"1751","Brasil, região não especificada","0"
"1752","Maranhão","282"
"1752","Pará","150"
"1752","Bahia, porto não especificado","9242"
"1752","Paraíba","0"
"1752","Rio Grande do Norte","0"
"1752","Pernambuco, porto não especificado","3040"
"1752","Rio de Janeiro","508"
"1752","Santos","0"
"1752","Brasil, região não especificada","0"
"1753","Maranhão","0"
"1753","Pará","427"
"1753","Bahia, porto não especificado","9461"
"1753","Paraíba","0"
"1753","Rio Grande do Norte","0"
"1753","Pernambuco, porto não especificado","3928"
"1753","Rio de Janeiro","1004"
"1753","Santos","0"
"1753","Brasil, região não especificada","313"
"1754","Maranhão","0"
"1754","Pará","0"
"1754","Bahia, porto não especificado","5414"
"1754","Paraíba","0"
"1754","Rio Grande do Norte","0"
"1754","Pernambuco, porto não especificado","2357"
"1754","Rio de Janeiro","912"
"1754","Santos","0"
"1754","Brasil, região não especificada","0"
"1755","Maranhão","150"
"1755","Pará","284"
"1755","Bahia, porto não especificado","6757"
"1755","Paraíba","0"
"1755","Rio Grande do Norte","0"
"1755","Pernambuco, porto não especificado","3069"
"1755","Rio de Janeiro","749"
"1755","Santos","0"
"1755","Brasil, região não especificada","0"
"1756","Maranhão","155"
"1756","Pará","378"
"1756","Bahia, porto não especificado","7953"
"1756","Paraíba","0"
"1756","Rio Grande do Norte","0"
"1756","Pernambuco, porto não especificado","3758"
"1756","Rio de Janeiro","1898"
"1756","Santos","0"
"1756","Brasil, região não especificada","568"
"1757","Maranhão","318"
"1757","Pará","379"
"1757","Bahia, porto não especificado","6519"
"1757","Paraíba","0"
"1757","Rio Grande do Norte","0"
"1757","Pernambuco, porto não especificado","2751"
"1757","Rio de Janeiro","1062"
"1757","Santos","0"
"1757","Brasil, região não especificada","0"
"1758","Maranhão","305"
"1758","Pará","1140"
"1758","Bahia, porto não especificado","6182"
"1758","Paraíba","0"
"1758","Rio Grande do Norte","0"
"1758","Pernambuco, porto não especificado","4297"
"1758","Rio de Janeiro","5220"
"1758","Santos","0"
"1758","Brasil, região não especificada","0"
"1759","Maranhão","186"
"1759","Pará","672"
"1759","Bahia, porto não especificado","4949"
"1759","Paraíba","0"
"1759","Rio Grande do Norte","0"
"1759","Pernambuco, porto não especificado","2818"
"1759","Rio de Janeiro","878"
"1759","Santos","0"
"1759","Brasil, região não especificada","0"
"1760","Maranhão","298"
"1760","Pará","351"
"1760","Bahia, porto não especificado","6924"
"1760","Paraíba","0"
"1760","Rio Grande do Norte","0"
"1760","Pernambuco, porto não especificado","2249"
"1760","Rio de Janeiro","2556"
"1760","Santos","0"
"1760","Brasil, região não especificada","0"
"1761","Maranhão","300"
"1761","Pará","524"
"1761","Bahia, porto não especificado","6629"
"1761","Paraíba","0"
"1761","Rio Grande do Norte","0"
"1761","Pernambuco, porto não especificado","2123"
"1761","Rio de Janeiro","554"
"1761","Santos","0"
"1761","Brasil, região não especificada","0"
"1762","Maranhão","182"
"1762","Pará","2051"
"1762","Bahia, porto não especificado","6022"
"1762","Paraíba","0"
"1762","Rio Grande do Norte","0"
"1762","Pernambuco, porto não especificado","2167"
"1762","Rio de Janeiro","3696"
"1762","Santos","0"
"1762","Brasil, região não especificada","0"
"1763","Maranhão","569"
"1763","Pará","147"
"1763","Bahia, porto não especificado","5398"
"1763","Paraíba","0"
"1763","Rio Grande do Norte","0"
"1763","Pernambuco, porto não especificado","3491"
"1763","Rio de Janeiro","3423"
"1763","Santos","0"
"1763","Brasil, região não especificada","0"
"1764","Maranhão","423"
"1764","Pará","899"
"1764","Bahia, porto não especificado","3301"
"1764","Paraíba","0"
"1764","Rio Grande do Norte","0"
"1764","Pernambuco, porto não especificado","1695"
"1764","Rio de Janeiro","4078"
"1764","Santos","0"
"1764","Brasil, região não especificada","0"
"1765","Maranhão","854"
"1765","Pará","838"
"1765","Bahia, porto não especificado","6231"
"1765","Paraíba","0"
"1765","Rio Grande do Norte","0"
"1765","Pernambuco, porto não especificado","3241"
"1765","Rio de Janeiro","5745"
"1765","Santos","0"
"1765","Brasil, região não especificada","0"
"1766","Maranhão","523"
"1766","Pará","425"
"1766","Bahia, porto não especificado","9377"
"1766","Paraíba","0"
"1766","Rio Grande do Norte","0"
"1766","Pernambuco, porto não especificado","3070"
"1766","Rio de Janeiro","4836"
"1766","Santos","0"
"1766","Brasil, região não especificada","0"
"1767","Maranhão","900"
"1767","Pará","441"
"1767","Bahia, porto não especificado","7073"
"1767","Paraíba","0"
"1767","Rio Grande do Norte","0"
"1767","Pernambuco, porto não especificado","3462"
"1767","Rio de Janeiro","5437"
"1767","Santos","0"
"1767","Brasil, região não especificada","0"
"1768","Maranhão","892"
"1768","Pará","159"
"1768","Bahia, porto não especificado","6942"
"1768","Paraíba","0"
"1768","Rio Grande do Norte","0"
"1768","Pernambuco, porto não especificado","3684"
"1768","Rio de Janeiro","224"
"1768","Santos","0"
"1768","Brasil, região não especificada","0"
"1769","Maranhão","583"
"1769","Pará","181"
"1769","Bahia, porto não especificado","7271"
"1769","Paraíba","0"
"1769","Rio Grande do Norte","0"
"1769","Pernambuco, porto não especificado","1047"
"1769","Rio de Janeiro","4343"
"1769","Santos","0"
"1769","Brasil, região não especificada","0"
"1770","Maranhão","274"
"1770","Pará","903"
"1770","Bahia, porto não especificado","4782"
"1770","Paraíba","0"
"1770","Rio Grande do Norte","0"
"1770","Pernambuco, porto não especificado","2803"
"1770","Rio de Janeiro","1476"
"1770","Santos","0"
"1770","Brasil, região não especificada","351"
"1771","Maranhão","0"
"1771","Pará","1011"
"1771","Bahia, porto não especificado","6495"
"1771","Paraíba","0"
"1771","Rio Grande do Norte","0"
"1771","Pernambuco, porto não especificado","1687"
"1771","Rio de Janeiro","6022"
"1771","Santos","0"
"1771","Brasil, região não especificada","0"
"1772","Maranhão","512"
"1772","Pará","652"
"1772","Bahia, porto não especificado","4094"
"1772","Paraíba","0"
"1772","Rio Grande do Norte","0"
"1772","Pernambuco, porto não especificado","3015"
"1772","Rio de Janeiro","27"
"1772","Santos","0"
"1772","Brasil, região não especificada","188"
"1773","Maranhão","169"
"1773","Pará","810"
"1773","Bahia, porto não especificado","5787"
"1773","Paraíba","0"
"1773","Rio Grande do Norte","0"
"1773","Pernambuco, porto não especificado","1707"
"1773","Rio de Janeiro","0"
"1773","Santos","0"
"1773","Brasil, região não especificada","0"
"1774","Maranhão","608"
"1774","Pará","319"
"1774","Bahia, porto não especificado","7742"
"1774","Paraíba","0"
"1774","Rio Grande do Norte","0"
"1774","Pernambuco, porto não especificado","3007"
"1774","Rio de Janeiro","1816"
"1774","Santos","0"
"1774","Brasil, região não especificada","0"
"1775","Maranhão","431"
"1775","Pará","712"
"1775","Bahia, porto não especificado","8817"
"1775","Paraíba","0"
"1775","Rio Grande do Norte","0"
"1775","Pernambuco, porto não especificado","2865"
"1775","Rio de Janeiro","5223"
"1775","Santos","0"
"1775","Brasil, região não especificada","0"
"1776","Maranhão","1020"
"1776","Pará","1066"
"1776","Bahia, porto não especificado","8850"
"1776","Paraíba","0"
"1776","Rio Grande do Norte","0"
"1776","Pernambuco, porto não especificado","1854"
"1776","Rio de Janeiro","450"
"1776","Santos","0"
"1776","Brasil, região não especificada","0"
"1777","Maranhão","297"
"1777","Pará","858"
"1777","Bahia, porto não especificado","3557"
"1777","Paraíba","0"
"1777","Rio Grande do Norte","0"
"1777","Pernambuco, porto não especificado","1836"
"1777","Rio de Janeiro","1198"
"1777","Santos","0"
"1777","Brasil, região não especificada","0"
"1778","Maranhão","476"
"1778","Pará","2073"
"1778","Bahia, porto não especificado","7860"
"1778","Paraíba","0"
"1778","Rio Grande do Norte","0"
"1778","Pernambuco, porto não especificado","1516"
"1778","Rio de Janeiro","499"
"1778","Santos","0"
"1778","Brasil, região não especificada","0"
"1779","Maranhão","1327"
"1779","Pará","222"
"1779","Bahia, porto não especificado","6672"
"1779","Paraíba","0"
"1779","Rio Grande do Norte","0"
"1779","Pernambuco, porto não especificado","1774"
"1779","Rio de Janeiro","11"
"1779","Santos","0"
"1779","Brasil, região não especificada","0"
"1780","Maranhão","717"
"1780","Pará","157"
"1780","Bahia, porto não especificado","14267"
"1780","Paraíba","0"
"1780","Rio Grande do Norte","0"
"1780","Pernambuco, porto não especificado","1259"
"1780","Rio de Janeiro","297"
"1780","Santos","0"
"1780","Brasil, região não especificada","0"
"1781","Maranhão","947"
"1781","Pará","900"
"1781","Bahia, porto não especificado","12458"
"1781","Paraíba","0"
"1781","Rio Grande do Norte","0"
"1781","Pernambuco, porto não especificado","2730"
"1781","Rio de Janeiro","2593"
"1781","Santos","0"
"1781","Brasil, região não especificada","0"
"1782","Maranhão","659"
"1782","Pará","168"
"1782","Bahia, porto não especificado","12575"
"1782","Paraíba","0"
"1782","Rio Grande do Norte","0"
"1782","Pernambuco, porto não especificado","2578"
"1782","Rio de Janeiro","4369"
"1782","Santos","0"
"1782","Brasil, região não especificada","0"
"1783","Maranhão","1816"
"1783","Pará","407"
"1783","Bahia, porto não especificado","8004"
"1783","Paraíba","0"
"1783","Rio Grande do Norte","0"
"1783","Pernambuco, porto não especificado","3670"
"1783","Rio de Janeiro","2834"
"1783","Santos","0"
"1783","Brasil, região não especificada","0"
"1784","Maranhão","440"
"1784","Pará","21"
"1784","Bahia, porto não especificado","8968"
"1784","Paraíba","324"
"1784","Rio Grande do Norte","0"
"1784","Pernambuco, porto não especificado","1789"
"1784","Rio de Janeiro","3564"
"1784","Santos","0"
"1784","Brasil, região não especificada","0"
"1785","Maranhão","1022"
"1785","Pará","20"
"1785","Bahia, porto não especificado","6746"
"1785","Paraíba","0"
"1785","Rio Grande do Norte","0"
"1785","Pernambuco, porto não especificado","383"
"1785","Rio de Janeiro","3090"
"1785","Santos","0"
"1785","Brasil, região não especificada","0"
"1786","Maranhão","739"
"1786","Pará","648"
"1786","Bahia, porto não especificado","7381"
"1786","Paraíba","0"
"1786","Rio Grande do Norte","0"
"1786","Pernambuco, porto não especificado","645"
"1786","Rio de Janeiro","2268"
"1786","Santos","0"
"1786","Brasil, região não especificada","0"
"1787","Maranhão","2236"
"1787","Pará","599"
"1787","Bahia, porto não especificado","2562"
"1787","Paraíba","0"
"1787","Rio Grande do Norte","0"
"1787","Pernambuco, porto não especificado","2207"
"1787","Rio de Janeiro","2749"
"1787","Santos","0"
"1787","Brasil, região não especificada","0"
"1788","Maranhão","2525"
"1788","Pará","0"
"1788","Bahia, porto não especificado","4929"
"1788","Paraíba","0"
"1788","Rio Grande do Norte","0"
"1788","Pernambuco, porto não especificado","1108"
"1788","Rio de Janeiro","2592"
"1788","Santos","0"
"1788","Brasil, região não especificada","0"
"1789","Maranhão","1787"
"1789","Pará","0"
"1789","Bahia, porto não especificado","6714"
"1789","Paraíba","0"
"1789","Rio Grande do Norte","0"
"1789","Pernambuco, porto não especificado","650"
"1789","Rio de Janeiro","3888"
"1789","Santos","0"
"1789","Brasil, região não especificada","0"
"1790","Maranhão","1495"
"1790","Pará","61"
"1790","Bahia, porto não especificado","6652"
"1790","Paraíba","0"
"1790","Rio Grande do Norte","0"
"1790","Pernambuco, porto não especificado","972"
"1790","Rio de Janeiro","1453"
"1790","Santos","0"
"1790","Brasil, região não especificada","0"
"1791","Maranhão","1117"
"1791","Pará","39"
"1791","Bahia, porto não especificado","6864"
"1791","Paraíba","0"
"1791","Rio Grande do Norte","0"
"1791","Pernambuco, porto não especificado","1296"
"1791","Rio de Janeiro","2890"
"1791","Santos","0"
"1791","Brasil, região não especificada","0"
"1792","Maranhão","1186"
"1792","Pará","569"
"1792","Bahia, porto não especificado","7255"
"1792","Paraíba","0"
"1792","Rio Grande do Norte","0"
"1792","Pernambuco, porto não especificado","1453"
"1792","Rio de Janeiro","4402"
"1792","Santos","0"
"1792","Brasil, região não especificada","0"
"1793","Maranhão","1553"
"1793","Pará","328"
"1793","Bahia, porto não especificado","9541"
"1793","Paraíba","0"
"1793","Rio Grande do Norte","209"
"1793","Pernambuco, porto não especificado","1644"
"1793","Rio de Janeiro","7113"
"1793","Santos","431"
"1793","Brasil, região não especificada","0"
"1794","Maranhão","1241"
"1794","Pará","983"
"1794","Bahia, porto não especificado","12342"
"1794","Paraíba","0"
"1794","Rio Grande do Norte","0"
"1794","Pernambuco, porto não especificado","324"
"1794","Rio de Janeiro","12707"
"1794","Santos","363"
"1794","Brasil, região não especificada","0"
"1795","Maranhão","1474"
"1795","Pará","1369"
"1795","Bahia, porto não especificado","12095"
"1795","Paraíba","0"
"1795","Rio Grande do Norte","0"
"1795","Pernambuco, porto não especificado","1624"
"1795","Rio de Janeiro","10316"
"1795","Santos","1404"
"1795","Brasil, região não especificada","0"
"1796","Maranhão","1222"
"1796","Pará","0"
"1796","Bahia, porto não especificado","7861"
"1796","Paraíba","0"
"1796","Rio Grande do Norte","0"
"1796","Pernambuco, porto não especificado","607"
"1796","Rio de Janeiro","12773"
"1796","Santos","0"
"1796","Brasil, região não especificada","0"
"1797","Maranhão","1595"
"1797","Pará","0"
"1797","Bahia, porto não especificado","8070"
"1797","Paraíba","0"
"1797","Rio Grande do Norte","0"
"1797","Pernambuco, porto não especificado","1559"
"1797","Rio de Janeiro","13633"
"1797","Santos","0"
"1797","Brasil, região não especificada","0"
"1798","Maranhão","401"
"1798","Pará","324"
"1798","Bahia, porto não especificado","8919"
"1798","Paraíba","0"
"1798","Rio Grande do Norte","0"
"1798","Pernambuco, porto não especificado","2296"
"1798","Rio de Janeiro","7644"
"1798","Santos","0"
"1798","Brasil, região não especificada","0"
"1799","Maranhão","1196"
"1799","Pará","1764"
"1799","Bahia, porto não especificado","9075"
"1799","Paraíba","0"
"1799","Rio Grande do Norte","0"
"1799","Pernambuco, porto não especificado","637"
"1799","Rio de Janeiro","10664"
"1799","Santos","0"
"1799","Brasil, região não especificada","0"
"1800","Maranhão","251"
"1800","Pará","1291"
"1800","Bahia, porto não especificado","8687"
"1800","Paraíba","0"
"1800","Rio Grande do Norte","0"
"1800","Pernambuco, porto não especificado","985"
"1800","Rio de Janeiro","11432"
"1800","Santos","0"
"1800","Brasil, região não especificada","0"
"1801","Maranhão","1531"
"1801","Pará","118"
"1801","Bahia, porto não especificado","8994"
"1801","Paraíba","0"
"1801","Pernambuco, porto não especificado","4816"
"1801","Cabo de Búzios","0"
"1801","Rio de Janeiro","11580"
"1801","Rio de Janeiro, São Paulo, Santa Catarina","0"
"1801","Província do Rio Grande do Sul","0"
"1801","Santa Catarina","0"
"1801","Brasil, região não especificada","0"
"1802","Maranhão","2059"
"1802","Pará","473"
"1802","Bahia, porto não especificado","4993"
"1802","Paraíba","0"
"1802","Pernambuco, porto não especificado","4591"
"1802","Cabo de Búzios","0"
"1802","Rio de Janeiro","17347"
"1802","Rio de Janeiro, São Paulo, Santa Catarina","0"
"1802","Província do Rio Grande do Sul","0"
"1802","Santa Catarina","0"
"1802","Brasil, região não especificada","0"
"1803","Maranhão","1105"
"1803","Pará","1086"
"1803","Bahia, porto não especificado","9296"
"1803","Paraíba","0"
"1803","Pernambuco, porto não especificado","4063"
"1803","Cabo de Búzios","0"
"1803","Rio de Janeiro","11569"
"1803","Rio de Janeiro, São Paulo, Santa Catarina","0"
"1803","Província do Rio Grande do Sul","0"
"1803","Santa Catarina","0"
"1803","Brasil, região não especificada","0"
"1804","Maranhão","4351"
"1804","Pará","1182"
"1804","Bahia, porto não especificado","10567"
"1804","Paraíba","0"
"1804","Pernambuco, porto não especificado","4573"
"1804","Cabo de Búzios","0"
"1804","Rio de Janeiro","11450"
"1804","Rio de Janeiro, São Paulo, Santa Catarina","0"
"1804","Província do Rio Grande do Sul","0"
"1804","Santa Catarina","0"
"1804","Brasil, região não especificada","86"
"1805","Maranhão","2212"
"1805","Pará","2606"
"1805","Bahia, porto não especificado","9988"
"1805","Paraíba","0"
"1805","Pernambuco, porto não especificado","3061"
"1805","Cabo de Búzios","0"
"1805","Rio de Janeiro","13727"
"1805","Rio de Janeiro, São Paulo, Santa Catarina","0"
"1805","Província do Rio Grande do Sul","0"
"1805","Santa Catarina","0"
"1805","Brasil, região não especificada","0"
"1806","Maranhão","3534"
"1806","Pará","1804"
"1806","Bahia, porto não especificado","12373"
"1806","Paraíba","0"
"1806","Pernambuco, porto não especificado","3411"
"1806","Cabo de Búzios","0"
"1806","Rio de Janeiro","9882"
"1806","Rio de Janeiro, São Paulo, Santa Catarina","0"
"1806","Província do Rio Grande do Sul","0"
"1806","Santa Catarina","0"
"1806","Brasil, região não especificada","500"
"1807","Maranhão","2427"
"1807","Pará","568"
"1807","Bahia, porto não especificado","10605"
"1807","Paraíba","0"
"1807","Pernambuco, porto não especificado","1672"
"1807","Cabo de Búzios","0"
"1807","Rio de Janeiro","12620"
"1807","Rio de Janeiro, São Paulo, Santa Catarina","0"
"1807","Província do Rio Grande do Sul","0"
"1807","Santa Catarina","0"
"1807","Brasil, região não especificada","134"
"1808","Maranhão","825"
"1808","Pará","169"
"1808","Bahia, porto não especificado","6471"
"1808","Paraíba","0"
"1808","Pernambuco, porto não especificado","1576"
"1808","Cabo de Búzios","0"
"1808","Rio de Janeiro","12032"
"1808","Rio de Janeiro, São Paulo, Santa Catarina","0"
"1808","Província do Rio Grande do Sul","0"
"1808","Santa Catarina","0"
"1808","Brasil, região não especificada","421"
"1809","Maranhão","2003"
"1809","Pará","0"
"1809","Bahia, porto não especificado","8310"
"1809","Paraíba","0"
"1809","Pernambuco, porto não especificado","1362"
"1809","Cabo de Búzios","0"
"1809","Rio de Janeiro","17119"
"1809","Rio de Janeiro, São Paulo, Santa Catarina","0"
"1809","Província do Rio Grande do Sul","0"
"1809","Santa Catarina","0"
"1809","Brasil, região não especificada","0"
"1810","Maranhão","2284"
"1810","Pará","0"
"1810","Bahia, porto não especificado","14728"
"1810","Paraíba","0"
"1810","Pernambuco, porto não especificado","4232"
"1810","Cabo de Búzios","0"
"1810","Rio de Janeiro","24044"
"1810","Rio de Janeiro, São Paulo, Santa Catarina","0"
"1810","Província do Rio Grande do Sul","0"
"1810","Santa Catarina","0"
"1810","Brasil, região não especificada","0"
"1811","Maranhão","2375"
"1811","Pará","412"
"1811","Bahia, porto não especificado","8641"
"1811","Paraíba","0"
"1811","Pernambuco, porto não especificado","3012"
"1811","Cabo de Búzios","0"
"1811","Rio de Janeiro","24591"
"1811","Rio de Janeiro, São Paulo, Santa Catarina","0"
"1811","Província do Rio Grande do Sul","0"
"1811","Santa Catarina","0"
"1811","Brasil, região não especificada","0"
"1812","Maranhão","1298"
"1812","Pará","0"
"1812","Bahia, porto não especificado","12219"
"1812","Paraíba","0"
"1812","Pernambuco, porto não especificado","7465"
"1812","Cabo de Búzios","0"
"1812","Rio de Janeiro","23626"
"1812","Rio de Janeiro, São Paulo, Santa Catarina","0"
"1812","Província do Rio Grande do Sul","0"
"1812","Santa Catarina","0"
"1812","Brasil, região não especificada","0"
"1813","Maranhão","1043"
"1813","Pará","0"
"1813","Bahia, porto não especificado","11555"
"1813","Paraíba","0"
"1813","Pernambuco, porto não especificado","5971"
"1813","Cabo de Búzios","0"
"1813","Rio de Janeiro","22477"
"1813","Rio de Janeiro, São Paulo, Santa Catarina","0"
"1813","Província do Rio Grande do Sul","0"
"1813","Santa Catarina","0"
"1813","Brasil, região não especificada","0"
"1814","Maranhão","945"
"1814","Pará","353"
"1814","Bahia, porto não especificado","11724"
"1814","Paraíba","0"
"1814","Pernambuco, porto não especificado","8619"
"1814","Cabo de Búzios","0"
"1814","Rio de Janeiro","19343"
"1814","Rio de Janeiro, São Paulo, Santa Catarina","0"
"1814","Província do Rio Grande do Sul","0"
"1814","Santa Catarina","0"
"1814","Brasil, região não especificada","0"
"1815","Maranhão","1378"
"1815","Pará","160"
"1815","Bahia, porto não especificado","12252"
"1815","Paraíba","0"
"1815","Pernambuco, porto não especificado","8458"
"1815","Cabo de Búzios","0"
"1815","Rio de Janeiro","16686"
"1815","Rio de Janeiro, São Paulo, Santa Catarina","0"
"1815","Província do Rio Grande do Sul","0"
"1815","Santa Catarina","0"
"1815","Brasil, região não especificada","0"
"1816","Maranhão","564"
"1816","Pará","826"
"1816","Bahia, porto não especificado","9390"
"1816","Paraíba","0"
"1816","Pernambuco, porto não especificado","9994"
"1816","Cabo de Búzios","0"
"1816","Rio de Janeiro","23829"
"1816","Rio de Janeiro, São Paulo, Santa Catarina","0"
"1816","Província do Rio Grande do Sul","0"
"1816","Santa Catarina","0"
"1816","Brasil, região não especificada","0"
"1817","Maranhão","2238"
"1817","Pará","473"
"1817","Bahia, porto não especificado","12774"
"1817","Paraíba","0"
"1817","Pernambuco, porto não especificado","7272"
"1817","Cabo de Búzios","0"
"1817","Rio de Janeiro","23849"
"1817","Rio de Janeiro, São Paulo, Santa Catarina","0"
"1817","Província do Rio Grande do Sul","0"
"1817","Santa Catarina","0"
"1817","Brasil, região não especificada","217"
"1818","Maranhão","2809"
"1818","Pará","946"
"1818","Bahia, porto não especificado","11583"
"1818","Paraíba","0"
"1818","Pernambuco, porto não especificado","8915"
"1818","Cabo de Búzios","500"
"1818","Rio de Janeiro","26084"
"1818","Rio de Janeiro, São Paulo, Santa Catarina","0"
"1818","Província do Rio Grande do Sul","0"
"1818","Santa Catarina","0"
"1818","Brasil, região não especificada","320"
"1819","Maranhão","1923"
"1819","Pará","353"
"1819","Bahia, porto não especificado","15343"
"1819","Paraíba","0"
"1819","Pernambuco, porto não especificado","5296"
"1819","Cabo de Búzios","0"
"1819","Rio de Janeiro","19016"
"1819","Rio de Janeiro, São Paulo, Santa Catarina","0"
"1819","Província do Rio Grande do Sul","0"
"1819","Santa Catarina","0"
"1819","Brasil, região não especificada","1730"
"1820","Maranhão","1812"
"1820","Pará","162"
"1820","Bahia, porto não especificado","9499"
"1820","Paraíba","46"
"1820","Pernambuco, porto não especificado","10117"
"1820","Cabo de Búzios","0"
"1820","Rio de Janeiro","19533"
"1820","Rio de Janeiro, São Paulo, Santa Catarina","0"
"1820","Província do Rio Grande do Sul","0"
"1820","Santa Catarina","0"
"1820","Brasil, região não especificada","0"
"1821","Maranhão","1399"
"1821","Pará","159"
"1821","Bahia, porto não especificado","9203"
"1821","Paraíba","0"
"1821","Pernambuco, porto não especificado","9520"
"1821","Cabo de Búzios","0"
"1821","Rio de Janeiro","23584"
"1821","Rio de Janeiro, São Paulo, Santa Catarina","0"
"1821","Província do Rio Grande do Sul","0"
"1821","Santa Catarina","0"
"1821","Brasil, região não especificada","773"
"1822","Maranhão","1760"
"1822","Pará","0"
"1822","Bahia, porto não especificado","13036"
"1822","Paraíba","0"
"1822","Pernambuco, porto não especificado","4655"
"1822","Cabo de Búzios","0"
"1822","Rio de Janeiro","30858"
"1822","Rio de Janeiro, São Paulo, Santa Catarina","0"
"1822","Província do Rio Grande do Sul","0"
"1822","Santa Catarina","0"
"1822","Brasil, região não especificada","765"
"1823","Maranhão","1418"
"1823","Pará","217"
"1823","Bahia, porto não especificado","4619"
"1823","Paraíba","217"
"1823","Pernambuco, porto não especificado","4541"
"1823","Cabo de Búzios","0"
"1823","Rio de Janeiro","22842"
"1823","Rio de Janeiro, São Paulo, Santa Catarina","0"
"1823","Província do Rio Grande do Sul","0"
"1823","Santa Catarina","353"
"1823","Brasil, região não especificada","545"
"1824","Maranhão","0"
"1824","Pará","0"
"1824","Bahia, porto não especificado","5100"
"1824","Paraíba","0"
"1824","Pernambuco, porto não especificado","2833"
"1824","Cabo de Búzios","0"
"1824","Rio de Janeiro","27876"
"1824","Rio de Janeiro, São Paulo, Santa Catarina","436"
"1824","Província do Rio Grande do Sul","353"
"1824","Santa Catarina","0"
"1824","Brasil, região não especificada","250"
"1825","Maranhão","872"
"1825","Pará","0"
"1825","Bahia, porto não especificado","6037"
"1825","Paraíba","0"
"1825","Pernambuco, porto não especificado","6491"
"1825","Cabo de Búzios","0"
"1825","Rio de Janeiro","27943"
"1825","Rio de Janeiro, São Paulo, Santa Catarina","0"
"1825","Província do Rio Grande do Sul","0"
"1825","Santa Catarina","0"
"1825","Brasil, região não especificada","353"
"1826","Maranhão","820"
"1826","Pará","160"
"1826","Bahia, porto não especificado","13223"
"1826","Pernambuco, porto não especificado","5853"
"1826","Parati","0"
"1826","Rio de Janeiro","37251"
"1826","Província do Rio de Janeiro","0"
"1826","Rio de Janeiro, São Paulo, Santa Catarina","0"
"1826","Província do Rio Grande do Sul","444"
"1826","São Sebastião","0"
"1826","Sudeste do Brasil, porto não especificado","0"
"1826","Brasil, região não especificada","0"
"1827","Maranhão","1648"
"1827","Pará","0"
"1827","Bahia, porto não especificado","15267"
"1827","Pernambuco, porto não especificado","5980"
"1827","Parati","0"
"1827","Rio de Janeiro","34106"
"1827","Província do Rio de Janeiro","0"
"1827","Rio de Janeiro, São Paulo, Santa Catarina","444"
"1827","Província do Rio Grande do Sul","0"
"1827","São Sebastião","0"
"1827","Sudeste do Brasil, porto não especificado","0"
"1827","Brasil, região não especificada","420"
"1828","Maranhão","290"
"1828","Pará","266"
"1828","Bahia, porto não especificado","6868"
"1828","Pernambuco, porto não especificado","3555"
"1828","Parati","0"
"1828","Rio de Janeiro","47504"
"1828","Província do Rio de Janeiro","0"
"1828","Rio de Janeiro, São Paulo, Santa Catarina","0"
"1828","Província do Rio Grande do Sul","0"
"1828","São Sebastião","0"
"1828","Sudeste do Brasil, porto não especificado","0"
"1828","Brasil, região não especificada","0"
"1829","Maranhão","470"
"1829","Pará","0"
"1829","Bahia, porto não especificado","16297"
"1829","Pernambuco, porto não especificado","6550"
"1829","Parati","0"
"1829","Rio de Janeiro","48416"
"1829","Província do Rio de Janeiro","0"
"1829","Rio de Janeiro, São Paulo, Santa Catarina","0"
"1829","Província do Rio Grande do Sul","0"
"1829","São Sebastião","0"
"1829","Sudeste do Brasil, porto não especificado","0"
"1829","Brasil, região não especificada","0"
"1830","Maranhão","1422"
"1830","Pará","281"
"1830","Bahia, porto não especificado","7204"
"1830","Pernambuco, porto não especificado","4316"
"1830","Parati","0"
"1830","Rio de Janeiro","34860"
"1830","Província do Rio de Janeiro","0"
"1830","Rio de Janeiro, São Paulo, Santa Catarina","0"
"1830","Província do Rio Grande do Sul","0"
"1830","São Sebastião","0"
"1830","Sudeste do Brasil, porto não especificado","331"
"1830","Brasil, região não especificada","440"
"1831","Maranhão","159"
"1831","Pará","0"
"1831","Bahia, porto não especificado","444"
"1831","Pernambuco, porto não especificado","3555"
"1831","Parati","0"
"1831","Rio de Janeiro","565"
"1831","Província do Rio de Janeiro","0"
"1831","Rio de Janeiro, São Paulo, Santa Catarina","0"
"1831","Província do Rio Grande do Sul","0"
"1831","São Sebastião","0"
"1831","Sudeste do Brasil, porto não especificado","0"
"1831","Brasil, região não especificada","0"
"1832","Maranhão","0"
"1832","Pará","0"
"1832","Bahia, porto não especificado","444"
"1832","Pernambuco, porto não especificado","1714"
"1832","Parati","0"
"1832","Rio de Janeiro","116"
"1832","Província do Rio de Janeiro","0"
"1832","Rio de Janeiro, São Paulo, Santa Catarina","0"
"1832","Província do Rio Grande do Sul","0"
"1832","São Sebastião","0"
"1832","Sudeste do Brasil, porto não especificado","0"
"1832","Brasil, região não especificada","0"
"1833","Maranhão","0"
"1833","Pará","0"
"1833","Bahia, porto não especificado","1226"
"1833","Pernambuco, porto não especificado","301"
"1833","Parati","0"
"1833","Rio de Janeiro","1121"
"1833","Província do Rio de Janeiro","0"
"1833","Rio de Janeiro, São Paulo, Santa Catarina","0"
"1833","Província do Rio Grande do Sul","0"
"1833","São Sebastião","0"
"1833","Sudeste do Brasil, porto não especificado","0"
"1833","Brasil, região não especificada","0"
"1834","Maranhão","0"
"1834","Pará","0"
"1834","Bahia, porto não especificado","456"
"1834","Pernambuco, porto não especificado","421"
"1834","Parati","0"
"1834","Rio de Janeiro","1164"
"1834","Província do Rio de Janeiro","0"
"1834","Rio de Janeiro, São Paulo, Santa Catarina","3213"
"1834","Província do Rio Grande do Sul","0"
"1834","São Sebastião","472"
"1834","Sudeste do Brasil, porto não especificado","331"
"1834","Brasil, região não especificada","0"
"1835","Maranhão","0"
"1835","Pará","507"
"1835","Bahia, porto não especificado","1419"
"1835","Pernambuco, porto não especificado","0"
"1835","Parati","400"
"1835","Rio de Janeiro","245"
"1835","Província do Rio de Janeiro","1004"
"1835","Rio de Janeiro, São Paulo, Santa Catarina","6326"
"1835","Província do Rio Grande do Sul","0"
"1835","São Sebastião","379"
"1835","Sudeste do Brasil, porto não especificado","0"
"1835","Brasil, região não especificada","0"
"1836","Maranhão","0"
"1836","Pará","0"
"1836","Porto Seguro","369"
"1836","Taipu","397"
"1836","Bahia, porto não especificado","1094"
"1836","Província de Alagoas","0"
"1836","Ilha de Itamaricá","0"
"1836","Maceió","0"
"1836","Catuamo e Maria Farinha","0"
"1836","Porto de Galinhas","1219"
"1836","Pernambuco, porto não especificado","0"
"1836","Baía de Botafogo","0"
"1836","Baía de Sepetiba","0"
"1836","Cabo de Búzios","0"
"1836","Cabo Frio","1176"
"1836","Campos","0"
"1836","Cananéia","0"
"1836","Copacabana","0"
"1836","Dois Rios","0"
"1836","Ilha de Paquetá","631"
"1836","Ilha das Palmas","325"
"1836","Ilha Grande","0"
"1836","Ilha de Lobes","0"
"1836","Ilha da Marambaia","0"
"1836","Macaé","0"
"1836","Mangaratiba","0"
"1836","Maricá","0"
"1836","Paranaguá","283"
"1836","Parati","7690"
"1836","Ponta Negro","2343"
"1836","Rio de Janeiro","3662"
"1836","Província do Rio de Janeiro","0"
"1836","Rio de Janeiro, São Paulo, Santa Catarina","0"
"1836","Província do Rio Grande do Sul","0"
"1836","Rio São Jeso","825"
"1836","Santos","703"
"1836","São Sebastião","0"
"1836","Ubatuba","437"
"1836","Sudeste do Brasil, porto não especificado","0"
"1836","Brasil, região não especificada","437"
"1837","Maranhão","0"
"1837","Pará","0"
"1837","Porto Seguro","0"
"1837","Taipu","3552"
"1837","Bahia, porto não especificado","567"
"1837","Província de Alagoas","0"
"1837","Ilha de Itamaricá","377"
"1837","Maceió","0"
"1837","Catuamo e Maria Farinha","0"
"1837","Porto de Galinhas","460"
"1837","Pernambuco, porto não especificado","0"
"1837","Baía de Botafogo","682"
"1837","Baía de Sepetiba","0"
"1837","Cabo de Búzios","0"
"1837","Cabo Frio","8110"
"1837","Campos","0"
"1837","Cananéia","283"
"1837","Copacabana","0"
"1837","Dois Rios","512"
"1837","Ilha de Paquetá","319"
"1837","Ilha das Palmas","0"
"1837","Ilha Grande","572"
"1837","Ilha de Lobes","2275"
"1837","Ilha da Marambaia","1059"
"1837","Macaé","1516"
"1837","Mangaratiba","1378"
"1837","Maricá","850"
"1837","Paranaguá","3903"
"1837","Parati","3892"
"1837","Ponta Negro","3609"
"1837","Rio de Janeiro","1332"
"1837","Província do Rio de Janeiro","0"
"1837","Rio de Janeiro, São Paulo, Santa Catarina","0"
"1837","Província do Rio Grande do Sul","496"
"1837","Rio São Jeso","4065"
"1837","Santos","976"
"1837","São Sebastião","0"
"1837","Ubatuba","0"
"1837","Sudeste do Brasil, porto não especificado","0"
"1837","Brasil, região não especificada","0"
"1838","Maranhão","122"
"1838","Pará","0"
"1838","Porto Seguro","0"
"1838","Taipu","1617"
"1838","Bahia, porto não especificado","1376"
"1838","Província de Alagoas","0"
"1838","Ilha de Itamaricá","0"
"1838","Maceió","0"
"1838","Catuamo e Maria Farinha","0"
"1838","Porto de Galinhas","444"
"1838","Pernambuco, porto não especificado","1197"
"1838","Baía de Botafogo","2266"
"1838","Baía de Sepetiba","0"
"1838","Cabo de Búzios","0"
"1838","Cabo Frio","4758"
"1838","Campos","0"
"1838","Cananéia","1153"
"1838","Copacabana","97"
"1838","Dois Rios","0"
"1838","Ilha de Paquetá","7609"
"1838","Ilha das Palmas","0"
"1838","Ilha Grande","0"
"1838","Ilha de Lobes","2322"
"1838","Ilha da Marambaia","0"
"1838","Macaé","496"
"1838","Mangaratiba","0"
"1838","Maricá","0"
"1838","Paranaguá","5338"
"1838","Parati","9392"
"1838","Ponta Negro","4165"
"1838","Rio de Janeiro","0"
"1838","Província do Rio de Janeiro","0"
"1838","Rio de Janeiro, São Paulo, Santa Catarina","0"
"1838","Província do Rio Grande do Sul","0"
"1838","Rio São Jeso","2913"
"1838","Santos","0"
"1838","São Sebastião","0"
"1838","Ubatuba","0"
"1838","Sudeste do Brasil, porto não especificado","0"
"1838","Brasil, região não especificada","0"
"1839","Maranhão","189"
"1839","Pará","0"
"1839","Porto Seguro","0"
"1839","Taipu","712"
"1839","Bahia, porto não especificado","3412"
"1839","Província de Alagoas","0"
"1839","Ilha de Itamaricá","0"
"1839","Maceió","0"
"1839","Catuamo e Maria Farinha","0"
"1839","Porto de Galinhas","5204"
"1839","Pernambuco, porto não especificado","0"
"1839","Baía de Botafogo","574"
"1839","Baía de Sepetiba","400"
"1839","Cabo de Búzios","0"
"1839","Cabo Frio","7192"
"1839","Campos","600"
"1839","Cananéia","0"
"1839","Copacabana","0"
"1839","Dois Rios","0"
"1839","Ilha de Paquetá","8691"
"1839","Ilha das Palmas","0"
"1839","Ilha Grande","1315"
"1839","Ilha de Lobes","2653"
"1839","Ilha da Marambaia","930"
"1839","Macaé","0"
"1839","Mangaratiba","2875"
"1839","Maricá","0"
"1839","Paranaguá","2176"
"1839","Parati","14686"
"1839","Ponta Negro","600"
"1839","Rio de Janeiro","600"
"1839","Província do Rio de Janeiro","0"
"1839","Rio de Janeiro, São Paulo, Santa Catarina","0"
"1839","Província do Rio Grande do Sul","0"
"1839","Rio São Jeso","4416"
"1839","Santos","0"
"1839","São Sebastião","0"
"1839","Ubatuba","260"
"1839","Sudeste do Brasil, porto não especificado","0"
"1839","Brasil, região não especificada","260"
"1840","Maranhão","1200"
"1840","Pará","0"
"1840","Porto Seguro","0"
"1840","Taipu","0"
"1840","Bahia, porto não especificado","2292"
"1840","Província de Alagoas","0"
"1840","Ilha de Itamaricá","268"
"1840","Maceió","2669"
"1840","Catuamo e Maria Farinha","0"
"1840","Porto de Galinhas","2747"
"1840","Pernambuco, porto não especificado","0"
"1840","Baía de Botafogo","0"
"1840","Baía de Sepetiba","2000"
"1840","Cabo de Búzios","0"
"1840","Cabo Frio","5171"
"1840","Campos","0"
"1840","Cananéia","0"
"1840","Copacabana","0"
"1840","Dois Rios","0"
"1840","Ilha de Paquetá","47"
"1840","Ilha das Palmas","0"
"1840","Ilha Grande","0"
"1840","Ilha de Lobes","400"
"1840","Ilha da Marambaia","0"
"1840","Macaé","0"
"1840","Mangaratiba","0"
"1840","Maricá","0"
"1840","Paranaguá","0"
"1840","Parati","11091"
"1840","Ponta Negro","2348"
"1840","Rio de Janeiro","600"
"1840","Província do Rio de Janeiro","0"
"1840","Rio de Janeiro, São Paulo, Santa Catarina","0"
"1840","Província do Rio Grande do Sul","0"
"1840","Rio São Jeso","5220"
"1840","Santos","0"
"1840","São Sebastião","0"
"1840","Ubatuba","0"
"1840","Sudeste do Brasil, porto não especificado","0"
"1840","Brasil, região não especificada","0"
"1841","Maranhão","1165"
"1841","Pará","120"
"1841","Porto Seguro","0"
"1841","Taipu","0"
"1841","Bahia, porto não especificado","1823"
"1841","Província de Alagoas","0"
"1841","Ilha de Itamaricá","0"
"1841","Maceió","1170"
"1841","Catuamo e Maria Farinha","0"
"1841","Porto de Galinhas","3105"
"1841","Pernambuco, porto não especificado","0"
"1841","Baía de Botafogo","0"
"1841","Baía de Sepetiba","0"
"1841","Cabo de Búzios","0"
"1841","Cabo Frio","3910"
"1841","Campos","0"
"1841","Cananéia","0"
"1841","Copacabana","0"
"1841","Dois Rios","0"
"1841","Ilha de Paquetá","0"
"1841","Ilha das Palmas","0"
"1841","Ilha Grande","0"
"1841","Ilha de Lobes","1050"
"1841","Ilha da Marambaia","0"
"1841","Macaé","0"
"1841","Mangaratiba","0"
"1841","Maricá","0"
"1841","Paranaguá","0"
"1841","Parati","8108"
"1841","Ponta Negro","1850"
"1841","Rio de Janeiro","0"
"1841","Província do Rio de Janeiro","0"
"1841","Rio de Janeiro, São Paulo, Santa Catarina","0"
"1841","Província do Rio Grande do Sul","242"
"1841","Rio São Jeso","1700"
"1841","Santos","0"
"1841","São Sebastião","0"
"1841","Ubatuba","955"
"1841","Sudeste do Brasil, porto não especificado","0"
"1841","Brasil, região não especificada","955"
"1842","Maranhão","721"
"1842","Pará","0"
"1842","Porto Seguro","0"
"1842","Taipu","0"
"1842","Bahia, porto não especificado","4541"
"1842","Província de Alagoas","385"
"1842","Ilha de Itamaricá","0"
"1842","Maceió","0"
"1842","Catuamo e Maria Farinha","0"
"1842","Porto de Galinhas","1850"
"1842","Pernambuco, porto não especificado","0"
"1842","Baía de Botafogo","0"
"1842","Baía de Sepetiba","0"
"1842","Cabo de Búzios","0"
"1842","Cabo Frio","2345"
"1842","Campos","0"
"1842","Cananéia","0"
"1842","Copacabana","0"
"1842","Dois Rios","0"
"1842","Ilha de Paquetá","1280"
"1842","Ilha das Palmas","0"
"1842","Ilha Grande","0"
"1842","Ilha de Lobes","2799"
"1842","Ilha da Marambaia","0"
"1842","Macaé","0"
"1842","Mangaratiba","0"
"1842","Maricá","0"
"1842","Paranaguá","0"
"1842","Parati","3128"
"1842","Ponta Negro","1274"
"1842","Rio de Janeiro","105"
"1842","Província do Rio de Janeiro","444"
"1842","Rio de Janeiro, São Paulo, Santa Catarina","400"
"1842","Província do Rio Grande do Sul","1502"
"1842","Rio São Jeso","3175"
"1842","Santos","0"
"1842","São Sebastião","0"
"1842","Ubatuba","1172"
"1842","Sudeste do Brasil, porto não especificado","0"
"1842","Brasil, região não especificada","1172"
"1843","Maranhão","0"
"1843","Pará","0"
"1843","Porto Seguro","0"
"1843","Taipu","0"
"1843","Bahia, porto não especificado","3111"
"1843","Província de Alagoas","0"
"1843","Ilha de Itamaricá","0"
"1843","Maceió","907"
"1843","Catuamo e Maria Farinha","0"
"1843","Porto de Galinhas","0"
"1843","Pernambuco, porto não especificado","0"
"1843","Baía de Botafogo","0"
"1843","Baía de Sepetiba","0"
"1843","Cabo de Búzios","1040"
"1843","Cabo Frio","5922"
"1843","Campos","0"
"1843","Cananéia","0"
"1843","Copacabana","0"
"1843","Dois Rios","0"
"1843","Ilha de Paquetá","650"
"1843","Ilha das Palmas","0"
"1843","Ilha Grande","0"
"1843","Ilha de Lobes","1840"
"1843","Ilha da Marambaia","0"
"1843","Macaé","0"
"1843","Mangaratiba","0"
"1843","Maricá","0"
"1843","Paranaguá","0"
"1843","Parati","1020"
"1843","Ponta Negro","1100"
"1843","Rio de Janeiro","0"
"1843","Província do Rio de Janeiro","0"
"1843","Rio de Janeiro, São Paulo, Santa Catarina","635"
"1843","Província do Rio Grande do Sul","1810"
"1843","Rio São Jeso","2940"
"1843","Santos","0"
"1843","São Sebastião","444"
"1843","Ubatuba","0"
"1843","Sudeste do Brasil, porto não especificado","444"
"1843","Brasil, região não especificada","0"
"1844","Maranhão","0"
"1844","Pará","0"
"1844","Porto Seguro","0"
"1844","Taipu","0"
"1844","Bahia, porto não especificado","6528"
"1844","Província de Alagoas","0"
"1844","Ilha de Itamaricá","0"
"1844","Maceió","0"
"1844","Catuamo e Maria Farinha","130"
"1844","Porto de Galinhas","0"
"1844","Pernambuco, porto não especificado","0"
"1844","Baía de Botafogo","0"
"1844","Baía de Sepetiba","0"
"1844","Cabo de Búzios","4120"
"1844","Cabo Frio","2236"
"1844","Campos","0"
"1844","Cananéia","0"
"1844","Copacabana","0"
"1844","Dois Rios","0"
"1844","Ilha de Paquetá","637"
"1844","Ilha das Palmas","0"
"1844","Ilha Grande","0"
"1844","Ilha de Lobes","1870"
"1844","Ilha da Marambaia","400"
"1844","Macaé","960"
"1844","Mangaratiba","0"
"1844","Maricá","0"
"1844","Paranaguá","300"
"1844","Parati","1578"
"1844","Ponta Negro","2890"
"1844","Rio de Janeiro","0"
"1844","Província do Rio de Janeiro","0"
"1844","Rio de Janeiro, São Paulo, Santa Catarina","0"
"1844","Província do Rio Grande do Sul","1210"
"1844","Rio São Jeso","1120"
"1844","Santos","0"
"1844","São Sebastião","0"
"1844","Ubatuba","0"
"1844","Sudeste do Brasil, porto não especificado","0"
"1844","Brasil, região não especificada","0"
"1845","Maranhão","0"
"1845","Pará","0"
"1845","Porto Seguro","0"
"1845","Taipu","0"
"1845","Bahia, porto não especificado","3294"
"1845","Província de Alagoas","0"
"1845","Ilha de Itamaricá","163"
"1845","Maceió","0"
"1845","Catuamo e Maria Farinha","0"
"1845","Porto de Galinhas","980"
"1845","Pernambuco, porto não especificado","0"
"1845","Baía de Botafogo","0"
"1845","Baía de Sepetiba","450"
"1845","Cabo de Búzios","3188"
"1845","Cabo Frio","3734"
"1845","Campos","0"
"1845","Cananéia","0"
"1845","Copacabana","0"
"1845","Dois Rios","0"
"1845","Ilha de Paquetá","0"
"1845","Ilha das Palmas","0"
"1845","Ilha Grande","0"
"1845","Ilha de Lobes","3657"
"1845","Ilha da Marambaia","0"
"1845","Macaé","0"
"1845","Mangaratiba","0"
"1845","Maricá","0"
"1845","Paranaguá","0"
"1845","Parati","4894"
"1845","Ponta Negro","795"
"1845","Rio de Janeiro","0"
"1845","Província do Rio de Janeiro","0"
"1845","Rio de Janeiro, São Paulo, Santa Catarina","383"
"1845","Província do Rio Grande do Sul","0"
"1845","Rio São Jeso","500"
"1845","Santos","0"
"1845","São Sebastião","0"
"1845","Ubatuba","0"
"1845","Sudeste do Brasil, porto não especificado","0"
"1845","Brasil, região não especificada","0"
"1846","Maranhão","56"
"1846","Taipu","0"
"1846","Bahia, porto não especificado","787"
"1846","Província de Alagoas","0"
"1846","Maceió","0"
"1846","Porto de Galinhas","183"
"1846","Pernambuco, porto não especificado","647"
"1846","Cabo Frio","585"
"1846","Campos","0"
"1846","Dois Rios","0"
"1846","Ilha Grande","0"
"1846","Ilha da Marambaia","0"
"1846","Macaé","500"
"1846","Mangaratiba","0"
"1846","Maricá","0"
"1846","Rio de Janeiro","4077"
"1846","Província do Rio de Janeiro","1136"
"1846","Rio de Janeiro, São Paulo, Santa Catarina","0"
"1846","Província do Rio Grande do Sul","0"
"1846","Rio São Jeso","0"
"1846","Santos","0"
"1846","São Sebastião","0"
"1846","Brasil, região não especificada","444"
"1847","Maranhão","0"
"1847","Taipu","0"
"1847","Bahia, porto não especificado","10943"
"1847","Província de Alagoas","0"
"1847","Maceió","0"
"1847","Porto de Galinhas","0"
"1847","Pernambuco, porto não especificado","1101"
"1847","Cabo Frio","1542"
"1847","Campos","0"
"1847","Dois Rios","0"
"1847","Ilha Grande","0"
"1847","Ilha da Marambaia","0"
"1847","Macaé","3150"
"1847","Mangaratiba","0"
"1847","Maricá","0"
"1847","Rio de Janeiro","2039"
"1847","Província do Rio de Janeiro","0"
"1847","Rio de Janeiro, São Paulo, Santa Catarina","0"
"1847","Província do Rio Grande do Sul","0"
"1847","Rio São Jeso","369"
"1847","Santos","0"
"1847","São Sebastião","0"
"1847","Brasil, região não especificada","444"
"1848","Maranhão","0"
"1848","Taipu","0"
"1848","Bahia, porto não especificado","7563"
"1848","Província de Alagoas","0"
"1848","Maceió","0"
"1848","Porto de Galinhas","0"
"1848","Pernambuco, porto não especificado","0"
"1848","Cabo Frio","1110"
"1848","Campos","0"
"1848","Dois Rios","0"
"1848","Ilha Grande","0"
"1848","Ilha da Marambaia","0"
"1848","Macaé","1255"
"1848","Mangaratiba","0"
"1848","Maricá","0"
"1848","Rio de Janeiro","26057"
"1848","Província do Rio de Janeiro","0"
"1848","Rio de Janeiro, São Paulo, Santa Catarina","2130"
"1848","Província do Rio Grande do Sul","0"
"1848","Rio São Jeso","1243"
"1848","Santos","0"
"1848","São Sebastião","0"
"1848","Brasil, região não especificada","444"
"1849","Maranhão","0"
"1849","Taipu","0"
"1849","Bahia, porto não especificado","989"
"1849","Província de Alagoas","0"
"1849","Maceió","0"
"1849","Porto de Galinhas","0"
"1849","Pernambuco, porto não especificado","0"
"1849","Cabo Frio","0"
"1849","Campos","800"
"1849","Dois Rios","0"
"1849","Ilha Grande","1400"
"1849","Ilha da Marambaia","0"
"1849","Macaé","110"
"1849","Mangaratiba","0"
"1849","Maricá","0"
"1849","Rio de Janeiro","444"
"1849","Província do Rio de Janeiro","3085"
"1849","Rio de Janeiro, São Paulo, Santa Catarina","37243"
"1849","Província do Rio Grande do Sul","0"
"1849","Rio São Jeso","0"
"1849","Santos","0"
"1849","São Sebastião","0"
"1849","Brasil, região não especificada","564"
"1850","Maranhão","0"
"1850","Taipu","0"
"1850","Bahia, porto não especificado","9461"
"1850","Província de Alagoas","0"
"1850","Maceió","0"
"1850","Porto de Galinhas","0"
"1850","Pernambuco, porto não especificado","0"
"1850","Cabo Frio","700"
"1850","Campos","2639"
"1850","Dois Rios","550"
"1850","Ilha Grande","800"
"1850","Ilha da Marambaia","559"
"1850","Macaé","2400"
"1850","Mangaratiba","1560"
"1850","Maricá","499"
"1850","Rio de Janeiro","444"
"1850","Província do Rio de Janeiro","1928"
"1850","Rio de Janeiro, São Paulo, Santa Catarina","4339"
"1850","Província do Rio Grande do Sul","0"
"1850","Rio São Jeso","0"
"1850","Santos","2057"
"1850","São Sebastião","680"
"1850","Brasil, região não especificada","0"
"1851","Maranhão","0"
"1851","Taipu","110"
"1851","Bahia, porto não especificado","871"
"1851","Província de Alagoas","500"
"1851","Maceió","500"
"1851","Porto de Galinhas","0"
"1851","Pernambuco, porto não especificado","350"
"1851","Cabo Frio","0"
"1851","Campos","0"
"1851","Dois Rios","0"
"1851","Ilha Grande","0"
"1851","Ilha da Marambaia","0"
"1851","Macaé","0"
"1851","Mangaratiba","0"
"1851","Maricá","0"
"1851","Rio de Janeiro","1021"
"1851","Província do Rio de Janeiro","3009"
"1851","Rio de Janeiro, São Paulo, Santa Catarina","0"
"1851","Província do Rio Grande do Sul","235"
"1851","Rio São Jeso","0"
"1851","Santos","0"
"1851","São Sebastião","0"
"1851","Brasil, região não especificada","0"
"1852","Maranhão","0"
"1852","Taipu","0"
"1852","Bahia, porto não especificado","0"
"1852","Província de Alagoas","0"
"1852","Maceió","0"
"1852","Porto de Galinhas","0"
"1852","Pernambuco, porto não especificado","0"
"1852","Cabo Frio","0"
"1852","Campos","0"
"1852","Dois Rios","0"
"1852","Ilha Grande","0"
"1852","Ilha da Marambaia","0"
"1852","Macaé","0"
"1852","Mangaratiba","0"
"1852","Maricá","0"
"1852","Rio de Janeiro","0"
"1852","Província do Rio de Janeiro","500"
"1852","Rio de Janeiro, São Paulo, Santa Catarina","0"
"1852","Província do Rio Grande do Sul","484"
"1852","Rio São Jeso","0"
"1852","Santos","0"
"1852","São Sebastião","0"
"1852","Brasil, região não especificada","0"
"1856","Província do Rio de Janeiro","320"